Row,PBstart,PCstart,PDstart,PFstart,PArise,PBrise,PCrise,PDrise,PFrise,PAfall,PBfall,PCfall,PDfall,PFfall,PAwidth,PBwidth,PCwidth,PDwidth,PFwidth,y
1128,3.625e-08,4.439e-05,-1.78e-05,3.841e-06,1.395e-05,1.679e-05,3.295e-05,9.182e-06,1.779e-05,0.0001901,0.0002085,0.0002257,0.0002217,0.0002190,0.0001603,0.0002108,0.0002460,0.0001202,0.0002157,-29.5
1856,4.137e-07,4.082e-05,-1.83e-05,1.803e-06,1.402e-05,1.744e-05,3.629e-05,9.168e-06,1.700e-05,0.0002188,0.0002400,0.0002573,0.0002329,0.0002545,0.0001670,0.0002163,0.0002554,0.0001231,0.0002229,-29.5
1867,-7.86e-08,3.940e-05,-1.63e-05,3.154e-06,1.420e-05,1.618e-05,3.654e-05,9.077e-06,1.515e-05,0.0002232,0.0002505,0.0002887,0.0002282,0.0002512,0.0001717,0.0002022,0.0002267,9.219e-05,0.0002165,-29.5
2084,-5.55e-07,3.895e-05,-1.62e-05,6.122e-07,1.356e-05,1.767e-05,3.011e-05,1.068e-05,1.424e-05,0.0002237,0.0002441,0.0002880,0.0002218,0.0002766,0.0001780,0.0002081,0.0002333,4.931e-05,0.0002203,-29.5
2265,-3.19e-07,4.230e-05,-1.43e-05,4.793e-06,1.380e-05,1.571e-05,3.042e-05,9.990e-06,1.439e-05,0.0002170,0.0002386,0.0002621,0.0002154,0.0002362,0.0001750,0.0001978,0.0002453,6.025e-05,0.0002177,-29.5
3740,-5.72e-07,4.225e-05,-1.73e-05,2.857e-06,1.395e-05,1.764e-05,3.325e-05,8.816e-06,1.700e-05,0.0002160,0.0002359,0.0002589,0.0002286,0.0002366,0.0001671,0.0002077,0.0002506,0.0001205,0.0002205,-29.5
4588,-1.98e-07,4.065e-05,-1.55e-05,1.988e-06,1.380e-05,1.640e-05,3.045e-05,1.009e-05,1.421e-05,0.0002164,0.0002414,0.0002415,0.0002185,0.0002318,0.0001757,0.0001998,0.0002424,5.577e-05,0.0002180,-29.5
5058,-4.78e-07,4.346e-05,-1.37e-05,6.250e-06,1.328e-05,1.534e-05,3.085e-05,1.036e-05,1.582e-05,0.0002058,0.0002301,0.0002741,0.0002129,0.0002508,0.0001683,0.0001979,0.0002459,5.112e-05,0.0002128,-29.5
5154,-8.30e-07,4.143e-05,-1.45e-05,4.014e-06,1.329e-05,1.625e-05,3.082e-05,1.050e-05,1.642e-05,0.0002213,0.0002436,0.0002904,0.0002145,0.0002722,0.0001715,0.0001942,0.0002310,4.704e-05,0.0002115,-29.5
5261,1.992e-07,3.895e-05,-1.65e-05,1.177e-06,1.416e-05,1.679e-05,3.362e-05,9.253e-06,1.403e-05,0.0002014,0.0002478,0.0003000,0.0002218,0.0002374,0.0001747,0.0002016,0.0002498,7.389e-05,0.0002139,-29.5
5588,3.106e-07,4.213e-05,-1.47e-05,4.972e-06,1.352e-05,1.555e-05,2.899e-05,1.067e-05,1.568e-05,0.0001960,0.0002351,0.0002985,0.0002207,0.0002623,0.0001660,0.0001984,0.0002373,4.808e-05,0.0002151,-29.5
5649,-9.23e-08,4.121e-05,-1.49e-05,3.163e-06,1.388e-05,1.621e-05,3.023e-05,1.066e-05,1.591e-05,0.0002194,0.0002577,0.0002973,0.0002237,0.0002587,0.0001730,0.0002064,0.0002378,4.964e-05,0.0002210,-29.5
6932,-6.37e-08,4.391e-05,-1.37e-05,5.019e-06,1.405e-05,1.606e-05,3.075e-05,1.050e-05,1.629e-05,0.0002283,0.0002529,0.0003017,0.0002248,0.0002679,0.0001689,0.0002009,0.0002425,5.116e-05,0.0002192,-29.5
7415,2.988e-08,3.937e-05,-1.68e-05,-7.60e-07,1.457e-05,1.735e-05,2.831e-05,1.061e-05,1.358e-05,0.0002167,0.0002512,0.0002967,0.0002245,0.0002323,0.0001772,0.0002075,0.0002489,5.018e-05,0.0002192,-29.5
7538,-8.68e-07,4.182e-05,-1.41e-05,4.453e-06,1.382e-05,1.571e-05,3.112e-05,9.963e-06,1.503e-05,0.0002151,0.0002334,0.0002780,0.0002176,0.0002222,0.0001741,0.0001974,0.0002474,5.334e-05,0.0002144,-29.5
7624,-2.05e-07,4.102e-05,-1.77e-05,2.291e-06,1.419e-05,1.752e-05,3.133e-05,8.847e-06,1.639e-05,0.0002157,0.0002266,0.0002797,0.0002278,0.0002600,0.0001667,0.0002071,0.0002502,0.0001107,0.0002174,-29.5
7937,-1.82e-07,4.115e-05,-1.57e-05,2.250e-06,1.378e-05,1.640e-05,2.791e-05,1.024e-05,1.355e-05,0.0002044,0.0002309,0.0002416,0.0002130,0.0002157,0.0001709,0.0002040,0.0002362,5.299e-05,0.0002113,-29.5
8458,1.212e-07,4.153e-05,-1.47e-05,3.304e-06,1.371e-05,1.555e-05,2.915e-05,1.023e-05,1.453e-05,0.0002011,0.0002262,0.0002330,0.0002253,0.0002421,0.0001670,0.0002042,0.0002346,5.393e-05,0.0002226,-29.5
8515,-3.73e-07,4.004e-05,-1.58e-05,1.035e-06,1.430e-05,1.789e-05,2.877e-05,1.056e-05,1.394e-05,0.0002165,0.0002464,0.0002936,0.0002273,0.0002640,0.0001797,0.0002072,0.0002545,4.991e-05,0.0002190,-29.5
9021,-1.19e-06,4.449e-05,-1.36e-05,8.146e-06,1.320e-05,1.503e-05,3.236e-05,9.469e-06,1.665e-05,0.0002225,0.0002493,0.0002536,0.0002296,0.0002370,0.0001630,0.0001964,0.0002419,7.696e-05,0.0002087,-29.5
9410,-2.24e-07,4.262e-05,-1.40e-05,4.985e-06,1.410e-05,1.651e-05,2.857e-05,1.050e-05,1.511e-05,0.0002166,0.0002507,0.0002901,0.0002203,0.0002450,0.0001718,0.0002049,0.0002444,4.709e-05,0.0002138,-29.5
9786,-1.03e-06,4.547e-05,-1.57e-05,6.658e-06,1.341e-05,1.548e-05,3.504e-05,8.883e-06,1.788e-05,0.0002057,0.0002306,0.0002141,0.0002167,0.0002132,0.0001626,0.0002054,0.0002380,0.0001078,0.0002144,-29.5
9935,-7.79e-07,4.363e-05,-1.54e-05,5.997e-06,1.311e-05,1.509e-05,3.381e-05,9.081e-06,1.585e-05,0.0001949,0.0002253,0.0002735,0.0002094,0.0002211,0.0001636,0.0001993,0.0002315,7.968e-05,0.0002104,-29.5
10327,2.430e-07,4.081e-05,-1.81e-05,2.008e-06,1.455e-05,1.737e-05,3.544e-05,9.187e-06,1.713e-05,0.0002163,0.0002478,0.0002761,0.0002361,0.0002536,0.0001653,0.0002155,0.0002477,0.0001334,0.0002277,-29.5
10384,-1.13e-06,4.189e-05,-1.55e-05,3.406e-06,1.315e-05,1.596e-05,3.158e-05,9.405e-06,1.555e-05,0.0002259,0.0002441,0.0002675,0.0002253,0.0002478,0.0001763,0.0002001,0.0002521,7.116e-05,0.0002106,-29.5
10605,-4.21e-07,4.156e-05,-1.68e-05,2.160e-06,1.383e-05,1.661e-05,3.232e-05,9.003e-06,1.570e-05,0.0002050,0.0002306,0.0002418,0.0002180,0.0002252,0.0001687,0.0002058,0.0002439,7.839e-05,0.0002134,-29.5
10771,-4.56e-07,4.321e-05,-1.36e-05,6.223e-06,1.399e-05,1.571e-05,3.020e-05,1.054e-05,1.542e-05,0.0002240,0.0002382,0.0002630,0.0002215,0.0002438,0.0001693,0.0002009,0.0002349,5.078e-05,0.0002100,-29.5
10795,-2.73e-07,4.007e-05,-1.56e-05,1.711e-06,1.390e-05,1.673e-05,2.891e-05,1.063e-05,1.465e-05,0.0002123,0.0002359,0.0002699,0.0002218,0.0002496,0.0001745,0.0001982,0.0002427,4.612e-05,0.0002141,-29.5
11279,-7.83e-07,3.915e-05,-1.55e-05,2.022e-06,1.451e-05,1.627e-05,3.147e-05,9.859e-06,1.391e-05,0.0002040,0.0002224,0.0002451,0.0002175,0.0002589,0.0001745,0.0002016,0.0002472,5.449e-05,0.0002132,-29.5
11550,-6.00e-07,4.393e-05,-1.36e-05,6.213e-06,1.285e-05,1.503e-05,3.075e-05,1.017e-05,1.581e-05,0.0002224,0.0002344,0.0002849,0.0002155,0.0002538,0.0001712,0.0001950,0.0002529,4.800e-05,0.0002178,-29.5
12132,-1.22e-07,4.152e-05,-1.79e-05,2.547e-06,1.402e-05,1.687e-05,3.316e-05,8.982e-06,1.703e-05,0.0002190,0.0002275,0.0002244,0.0002241,0.0002317,0.0001664,0.0002077,0.0002375,0.0001199,0.0002144,-29.5
12300,-3.67e-07,4.280e-05,-1.66e-05,5.832e-06,1.364e-05,1.706e-05,3.849e-05,9.088e-06,1.762e-05,0.0002061,0.0002292,0.0002473,0.0002306,0.0002333,0.0001555,0.0002100,0.0002512,0.0001150,0.0002161,-29.5
12446,-3.07e-07,4.510e-05,-1.31e-05,6.915e-06,1.331e-05,1.576e-05,2.859e-05,1.050e-05,1.540e-05,0.0002270,0.0002668,0.0003012,0.0002204,0.0002599,0.0001708,0.0002070,0.0002473,5.102e-05,0.0002229,-29.5
12646,-1.43e-06,4.177e-05,-1.59e-05,3.989e-06,1.352e-05,1.603e-05,3.224e-05,9.189e-06,1.597e-05,0.0002128,0.0002383,0.0002650,0.0002207,0.0002468,0.0001704,0.0001983,0.0002357,7.711e-05,0.0002163,-29.5
13157,-1.10e-06,4.327e-05,-1.45e-05,4.922e-06,1.313e-05,1.628e-05,2.935e-05,1.065e-05,1.606e-05,0.0002099,0.0002775,0.0002993,0.0002267,0.0002426,0.0001714,0.0002037,0.0002471,4.998e-05,0.0002171,-29.5
13372,-1.39e-06,4.225e-05,-1.54e-05,4.027e-06,1.342e-05,1.577e-05,3.354e-05,9.224e-06,1.646e-05,0.0002202,0.0002328,0.0002749,0.0002208,0.0002616,0.0001649,0.0002026,0.0002539,7.644e-05,0.0002123,-29.5
13487,-5.32e-07,4.308e-05,-1.44e-05,3.731e-06,1.331e-05,1.561e-05,2.889e-05,1.007e-05,1.535e-05,0.0001997,0.0002225,0.0002867,0.0002195,0.0002429,0.0001726,0.0001991,0.0002461,5.439e-05,0.0002132,-29.5
13598,-5.35e-07,4.033e-05,-1.50e-05,2.979e-06,1.381e-05,1.639e-05,2.994e-05,1.028e-05,1.478e-05,0.0002151,0.0002402,0.0002746,0.0002203,0.0002314,0.0001691,0.0001990,0.0002521,5.189e-05,0.0002148,-29.5
13668,-6.05e-07,4.556e-05,-1.67e-05,5.620e-06,1.334e-05,1.658e-05,3.223e-05,8.973e-06,1.745e-05,0.0002120,0.0002425,0.0002525,0.0002268,0.0002366,0.0001679,0.0002096,0.0002540,0.0001219,0.0002146,-29.5
14020,-5.95e-07,4.231e-05,-1.39e-05,5.127e-06,1.287e-05,1.560e-05,3.008e-05,1.022e-05,1.538e-05,0.0002176,0.0002446,0.0002548,0.0002122,0.0002385,0.0001729,0.0001952,0.0002512,4.828e-05,0.0002121,-29.5
14386,-7.43e-07,4.040e-05,-1.42e-05,4.579e-06,1.356e-05,1.555e-05,3.153e-05,1.025e-05,1.487e-05,0.0002128,0.0002454,0.0002817,0.0002176,0.0002343,0.0001743,0.0002011,0.0002347,5.257e-05,0.0002272,-29.5
14700,-9.94e-07,4.111e-05,-1.57e-05,4.142e-06,1.295e-05,1.507e-05,3.214e-05,9.351e-06,1.529e-05,0.0002105,0.0002445,0.0002417,0.0002265,0.0002263,0.0001734,0.0002001,0.0002405,7.293e-05,0.0002181,-29.5
14741,-1.68e-06,4.391e-05,-1.45e-05,7.578e-06,1.309e-05,1.553e-05,3.421e-05,9.131e-06,1.685e-05,0.0002057,0.0002479,0.0002536,0.0002190,0.0002423,0.0001590,0.0002007,0.0002458,8.009e-05,0.0002122,-29.5
14808,-1.05e-06,4.021e-05,-1.63e-05,2.245e-06,1.385e-05,1.688e-05,3.429e-05,9.104e-06,1.548e-05,0.0002117,0.0002332,0.0002677,0.0002191,0.0002548,0.0001709,0.0002031,0.0002519,7.842e-05,0.0002167,-29.5
15971,-8.46e-07,3.992e-05,-1.63e-05,1.786e-06,1.373e-05,1.645e-05,3.287e-05,9.156e-06,1.492e-05,0.0002170,0.0002259,0.0002631,0.0002150,0.0002320,0.0001709,0.0002045,0.0002473,8.491e-05,0.0002134,-29.5
16259,-7.41e-07,4.188e-05,-1.53e-05,2.465e-06,1.359e-05,1.600e-05,2.856e-05,1.005e-05,1.498e-05,0.0002238,0.0002494,0.0002827,0.0002171,0.0002537,0.0001738,0.0001958,0.0002479,5.602e-05,0.0002157,-29.5
16446,-5.96e-07,4.122e-05,-1.48e-05,2.760e-06,1.322e-05,1.554e-05,3.129e-05,9.874e-06,1.567e-05,0.0002214,0.0002478,0.0003019,0.0002143,0.0002458,0.0001726,0.0002011,0.0002337,5.136e-05,0.0002115,-29.5
16758,-1.15e-07,4.250e-05,-1.45e-05,4.224e-06,1.322e-05,1.522e-05,3.018e-05,1.014e-05,1.451e-05,0.0002089,0.0002440,0.0002380,0.0002159,0.0002420,0.0001726,0.0001940,0.0002504,4.944e-05,0.0002145,-29.5
17576,3.795e-07,3.920e-05,-1.94e-05,4.211e-07,1.438e-05,1.823e-05,3.690e-05,9.943e-06,1.704e-05,0.0002056,0.0002631,0.0002814,0.0002420,0.0002392,0.0001673,0.0002258,0.0002591,0.0001574,0.0002349,-29.5
18210,-1.44e-07,3.900e-05,-1.56e-05,9.783e-07,1.436e-05,1.630e-05,3.187e-05,9.964e-06,1.431e-05,0.0002334,0.0002475,0.0002897,0.0002250,0.0002421,0.0001730,0.0002011,0.0002568,5.594e-05,0.0002129,-29.5
18230,2.018e-06,4.755e-05,2.115e-06,2.831e-05,1.120e-05,9.542e-06,2.754e-05,1.216e-05,1.906e-05,0.0002220,0.0002427,0.0002826,0.0002213,0.0002560,8.114e-05,7.962e-05,0.0002445,6.121e-05,0.0002090,-29.5
18763,-1.14e-06,4.226e-05,-1.47e-05,6.300e-06,1.336e-05,1.549e-05,3.396e-05,9.092e-06,1.714e-05,0.0002097,0.0002328,0.0002898,0.0002216,0.0002645,0.0001691,0.0001946,0.0002422,8.178e-05,0.0002124,-29.5
19281,-1.37e-06,4.114e-05,-1.49e-05,4.344e-06,1.288e-05,1.537e-05,3.017e-05,9.686e-06,1.531e-05,0.0002294,0.0002385,0.0002728,0.0002141,0.0002549,0.0001724,0.0002003,0.0002486,6.224e-05,0.0002176,-29.5
19639,8.875e-08,4.167e-05,-1.43e-05,3.860e-06,1.418e-05,1.607e-05,3.185e-05,1.024e-05,1.406e-05,0.0002187,0.0002863,0.0002668,0.0002252,0.0002662,0.0001815,0.0002026,0.0002384,5.224e-05,0.0002239,-29.5
19732,-1.27e-06,4.047e-05,-1.67e-05,3.302e-06,1.294e-05,1.607e-05,3.520e-05,8.982e-06,1.611e-05,0.0002103,0.0002294,0.0002690,0.0002280,0.0002423,0.0001684,0.0002014,0.0002405,8.868e-05,0.0002142,-29.5
20032,3.189e-07,4.111e-05,-1.84e-05,1.125e-06,1.451e-05,1.795e-05,3.367e-05,9.234e-06,1.729e-05,0.0002102,0.0002491,0.0002616,0.0002463,0.0002490,0.0001702,0.0002118,0.0002487,0.0001319,0.0002236,-29.5
21540,1.366e-08,3.997e-05,-1.51e-05,3.255e-06,1.364e-05,1.561e-05,3.115e-05,1.008e-05,1.412e-05,0.0002019,0.0002298,0.0003362,0.0002187,0.0002362,0.0001743,0.0001963,0.0002499,5.934e-05,0.0002142,-29.5
21780,1.549e-07,3.994e-05,-1.57e-05,1.372e-06,1.445e-05,1.605e-05,3.048e-05,9.602e-06,1.414e-05,0.0002116,0.0002193,0.0002279,0.0002125,0.0002361,0.0001719,0.0001997,0.0002487,5.788e-05,0.0002120,-29.5
21950,3.580e-07,4.427e-05,-1.66e-05,7.970e-06,1.303e-05,1.644e-05,3.631e-05,9.911e-06,1.905e-05,0.0002177,0.0002741,0.0002840,0.0002431,0.0002501,0.0001539,0.0002154,0.0002542,0.0001350,0.0002218,-29.5
22090,-7.16e-07,4.231e-05,-1.68e-05,3.817e-06,1.346e-05,1.704e-05,3.738e-05,8.781e-06,1.639e-05,0.0001689,0.0002262,0.0002688,0.0002225,0.0002284,0.0001736,0.0002118,0.0002507,0.0001015,0.0002191,-29.5
22251,-5.45e-07,4.157e-05,-1.56e-05,1.730e-06,1.421e-05,1.620e-05,3.129e-05,9.881e-06,1.434e-05,0.0001941,0.0002316,0.0002199,0.0002209,0.0002277,0.0001751,0.0001990,0.0002424,6.049e-05,0.0002190,-29.5
22398,-7.54e-07,4.412e-05,-1.66e-05,7.537e-06,1.269e-05,1.682e-05,3.488e-05,1.043e-05,2.140e-05,0.0001948,0.0002392,0.0002478,0.0002425,0.0002346,0.0001544,0.0002200,0.0002507,0.0001614,0.0002254,-29.5
22882,-9.74e-07,4.432e-05,-1.58e-05,6.478e-06,1.325e-05,1.604e-05,3.362e-05,8.876e-06,1.673e-05,0.0001879,0.0002123,0.0002205,0.0002245,0.0002222,0.0001598,0.0002107,0.0002463,0.0001054,0.0002121,-29.5
25266,-3.66e-07,4.060e-05,-1.49e-05,3.536e-06,1.354e-05,1.582e-05,3.165e-05,1.023e-05,1.508e-05,0.0002136,0.0002431,0.0003538,0.0002083,0.0002418,0.0001744,0.0001952,0.0002405,5.219e-05,0.0002206,-29.5
25381,-3.81e-08,4.178e-05,-1.58e-05,1.665e-06,1.408e-05,1.574e-05,3.057e-05,1.022e-05,1.372e-05,0.0002109,0.0002372,0.0002466,0.0002277,0.0002516,0.0001735,0.0002025,0.0002429,5.519e-05,0.0002117,-29.5
26604,-2.35e-08,4.036e-05,-1.55e-05,2.328e-06,1.404e-05,1.753e-05,3.033e-05,1.044e-05,1.419e-05,0.0002134,0.0002486,0.0002865,0.0002190,0.0002476,0.0001795,0.0002016,0.0002483,5.161e-05,0.0002146,-29.5
26611,-1.34e-08,4.286e-05,-1.50e-05,3.250e-06,1.383e-05,1.638e-05,2.796e-05,1.024e-05,1.505e-05,0.0002055,0.0002442,0.0002534,0.0002164,0.0002322,0.0001720,0.0001984,0.0002414,5.184e-05,0.0002144,-29.5
26709,-4.86e-07,3.577e-05,-1.64e-05,-2.04e-06,1.483e-05,1.700e-05,3.087e-05,9.920e-06,1.355e-05,0.0002136,0.0002391,0.0002709,0.0002168,0.0002405,0.0001815,0.0002085,0.0002388,6.984e-05,0.0002174,-29.5
26860,-7.00e-08,4.180e-05,-1.51e-05,3.834e-06,1.339e-05,1.587e-05,3.229e-05,9.815e-06,1.451e-05,0.0002044,0.0002240,0.0002316,0.0002063,0.0002132,0.0001701,0.0002009,0.0002299,6.073e-05,0.0002192,-29.5
27222,-2.29e-07,4.083e-05,-1.55e-05,2.170e-06,1.364e-05,1.645e-05,3.113e-05,1.028e-05,1.429e-05,0.0002297,0.0002409,0.0002828,0.0002241,0.0002685,0.0001764,0.0002071,0.0002422,5.331e-05,0.0002118,-29.5
27347,-6.44e-07,3.937e-05,-1.62e-05,1.468e-06,1.334e-05,1.631e-05,3.011e-05,1.059e-05,1.546e-05,0.0002031,0.0002407,0.0003093,0.0002261,0.0002558,0.0001748,0.0002058,0.0002464,5.130e-05,0.0002195,-29.5
27348,1.376e-07,4.068e-05,-1.51e-05,2.424e-06,1.428e-05,1.709e-05,2.965e-05,1.064e-05,1.459e-05,0.0002148,0.0002567,0.0002978,0.0002209,0.0002459,0.0001709,0.0002068,0.0002449,4.971e-05,0.0002281,-29.5
30364,-6.20e-07,4.221e-05,-1.46e-05,5.040e-06,1.343e-05,1.619e-05,2.857e-05,1.031e-05,1.540e-05,0.0002184,0.0002432,0.0002858,0.0002251,0.0002593,0.0001820,0.0002032,0.0002377,5.263e-05,0.0002211,-29.5
30400,-1.00e-06,4.249e-05,-1.43e-05,4.974e-06,1.350e-05,1.585e-05,3.235e-05,1.002e-05,1.616e-05,0.0002002,0.0002432,0.0002842,0.0002158,0.0002439,0.0001733,0.0001940,0.0002597,5.685e-05,0.0002165,-29.5
30560,-1.88e-07,4.510e-05,-1.63e-05,5.592e-06,1.380e-05,1.727e-05,3.439e-05,8.946e-06,1.718e-05,0.0002117,0.0002454,0.0002393,0.0002270,0.0002177,0.0001663,0.0002054,0.0002478,0.0001126,0.0002155,-29.5
32012,-1.16e-06,4.345e-05,-1.30e-05,8.043e-06,1.308e-05,1.608e-05,2.979e-05,1.058e-05,1.661e-05,0.0002039,0.0002671,0.0003190,0.0002259,0.0002546,0.0001709,0.0002000,0.0002601,4.760e-05,0.0002121,-29.5
32694,-5.42e-07,3.981e-05,-1.46e-05,3.559e-06,1.442e-05,1.759e-05,3.032e-05,1.050e-05,1.563e-05,0.0002193,0.0002469,0.0002605,0.0002283,0.0002457,0.0001733,0.0001988,0.0002396,4.654e-05,0.0002205,-29.5
33077,-1.30e-06,4.334e-05,-1.51e-05,5.693e-06,1.313e-05,1.644e-05,3.655e-05,9.225e-06,1.610e-05,0.0002441,0.0002821,0.0003317,0.0002273,0.0002598,0.0001707,0.0002070,0.0002304,8.152e-05,0.0002179,-29.5
33319,-1.83e-06,4.418e-05,-1.48e-05,7.180e-06,1.317e-05,1.571e-05,3.176e-05,9.294e-06,1.556e-05,0.0002246,0.0002521,0.0002890,0.0002259,0.0002573,0.0001671,0.0002002,0.0002402,8.069e-05,0.0002103,-29.5
33882,-9.70e-07,4.257e-05,-1.42e-05,6.119e-06,1.336e-05,1.533e-05,3.133e-05,1.021e-05,1.530e-05,0.0002142,0.0002351,0.0002806,0.0002278,0.0002713,0.0001706,0.0001996,0.0002494,5.481e-05,0.0002204,-29.5
34285,-2.39e-07,4.348e-05,-1.43e-05,4.109e-06,1.367e-05,1.601e-05,2.730e-05,1.043e-05,1.551e-05,0.0002048,0.0002491,0.0003516,0.0002219,0.0002615,0.0001737,0.0002006,0.0002663,4.782e-05,0.0002210,-29.5
34339,-2.98e-07,4.266e-05,-1.37e-05,5.495e-06,1.388e-05,1.641e-05,2.824e-05,1.056e-05,1.576e-05,0.0002136,0.0002631,0.0002913,0.0002163,0.0002391,0.0001729,0.0002009,0.0002467,5.143e-05,0.0002198,-29.5
34617,-8.18e-07,4.096e-05,-1.79e-05,2.580e-06,1.408e-05,1.801e-05,3.390e-05,9.222e-06,1.768e-05,0.0002221,0.0002489,0.0002845,0.0002339,0.0002512,0.0001641,0.0002176,0.0002565,0.0001370,0.0002200,-29.5
36037,-1.11e-06,4.506e-05,-1.46e-05,4.961e-06,1.286e-05,1.504e-05,3.035e-05,1.026e-05,1.503e-05,0.0001907,0.0002244,0.0002636,0.0002177,0.0002188,0.0001727,0.0002000,0.0002309,5.352e-05,0.0002136,-29.5
36157,-6.35e-07,4.302e-05,-1.43e-05,4.673e-06,1.419e-05,1.574e-05,3.033e-05,9.805e-06,1.537e-05,0.0002337,0.0002725,0.0003173,0.0002177,0.0002530,0.0001810,0.0002075,0.0002546,6.008e-05,0.0002163,-29.5
36485,-1.24e-06,4.212e-05,-1.35e-05,6.536e-06,1.324e-05,1.531e-05,3.243e-05,1.023e-05,1.630e-05,0.0002131,0.0002292,0.0002583,0.0002256,0.0002521,0.0001643,0.0002000,0.0002418,5.622e-05,0.0002128,-29.5
36566,-1.23e-06,4.320e-05,-1.36e-05,6.968e-06,1.327e-05,1.502e-05,3.125e-05,9.883e-06,1.550e-05,0.0002474,0.0002798,0.0002709,0.0002161,0.0002818,0.0001725,0.0002003,0.0002318,6.230e-05,0.0002145,-29.5
36929,-6.62e-07,4.311e-05,-1.47e-05,4.265e-06,1.326e-05,1.560e-05,3.038e-05,1.022e-05,1.488e-05,0.0001931,0.0002109,0.0002307,0.0002165,0.0002207,0.0001699,0.0001935,0.0002374,5.243e-05,0.0002205,-29.5
38242,-1.22e-06,3.843e-05,-1.82e-05,-1.61e-06,1.361e-05,1.717e-05,3.459e-05,9.283e-06,1.401e-05,0.0002148,0.0002292,0.0002192,0.0002217,0.0002473,0.0001790,0.0002082,0.0002447,7.581e-05,0.0002159,-29.5
39313,-1.20e-06,4.445e-05,-1.32e-05,7.740e-06,1.311e-05,1.521e-05,3.071e-05,1.053e-05,1.633e-05,0.0002028,0.0002363,0.0003927,0.0002219,0.0002498,0.0001639,0.0002011,0.0002398,5.139e-05,0.0002154,-29.5
39373,-1.20e-07,4.486e-05,-1.42e-05,6.145e-06,1.384e-05,1.506e-05,3.191e-05,9.556e-06,1.523e-05,0.0001970,0.0002205,0.0002740,0.0002146,0.0002433,0.0001692,0.0001920,0.0002350,6.602e-05,0.0002184,-29.5
39604,-5.77e-07,4.385e-05,-1.40e-05,6.513e-06,1.310e-05,1.553e-05,3.268e-05,1.042e-05,1.599e-05,0.0002213,0.0002471,0.0002659,0.0002237,0.0002472,0.0001647,0.0001905,0.0002296,5.116e-05,0.0002167,-29.5
39649,-4.08e-07,3.818e-05,-1.73e-05,-8.15e-07,1.451e-05,1.701e-05,3.462e-05,9.221e-06,1.465e-05,0.0002287,0.0002501,0.0002508,0.0002236,0.0002501,0.0001745,0.0002097,0.0002536,7.819e-05,0.0002192,-29.5
39701,-7.52e-07,4.033e-05,-1.50e-05,3.825e-06,1.359e-05,1.683e-05,3.280e-05,1.055e-05,1.507e-05,0.0002262,0.0002485,0.0003324,0.0002214,0.0002625,0.0001805,0.0002000,0.0002436,4.694e-05,0.0002172,-29.5
40024,-6.96e-07,4.277e-05,-1.33e-05,7.387e-06,1.303e-05,1.454e-05,3.086e-05,1.033e-05,1.612e-05,0.0001796,0.0002235,0.0002216,0.0002129,0.0002165,0.0001668,0.0001929,0.0002481,5.274e-05,0.0002192,-29.5
40235,3.774e-07,4.107e-05,-1.46e-05,1.955e-06,1.419e-05,1.680e-05,3.111e-05,1.028e-05,1.498e-05,0.0002278,0.0002665,0.0002567,0.0002123,0.0002545,0.0001778,0.0002017,0.0002380,5.132e-05,0.0002176,-29.5
40322,-1.11e-06,4.061e-05,-1.62e-05,4.078e-06,1.316e-05,1.633e-05,3.433e-05,8.959e-06,1.594e-05,0.0002220,0.0002695,0.0003513,0.0002274,0.0002795,0.0001665,0.0002028,0.0002590,9.444e-05,0.0002192,-29.5
40530,-2.46e-08,4.138e-05,-1.64e-05,-5.04e-07,1.450e-05,1.729e-05,3.096e-05,9.822e-06,1.381e-05,0.0002023,0.0002275,0.0002440,0.0002092,0.0002391,0.0001752,0.0001971,0.0002386,5.422e-05,0.0002143,-29.5
41860,-7.55e-07,4.153e-05,-1.74e-05,1.507e-06,1.356e-05,1.669e-05,3.398e-05,8.885e-06,1.567e-05,0.0001802,0.0002292,0.0002350,0.0002225,0.0002256,0.0001688,0.0002038,0.0002530,8.814e-05,0.0002126,-29.5
41881,-1.39e-06,4.180e-05,-1.58e-05,4.314e-06,1.338e-05,1.594e-05,3.355e-05,8.901e-06,1.635e-05,0.0002196,0.0002332,0.0002821,0.0002171,0.0002258,0.0001642,0.0001972,0.0002384,8.583e-05,0.0002111,-29.5
41887,-4.80e-07,4.064e-05,-1.54e-05,3.226e-06,1.374e-05,1.551e-05,3.361e-05,9.811e-06,1.460e-05,0.0002496,0.0002516,0.0003083,0.0002254,0.0002659,0.0001754,0.0002047,0.0002502,6.154e-05,0.0002168,-29.5
42414,-9.78e-07,4.216e-05,-1.31e-05,7.555e-06,1.349e-05,1.565e-05,3.068e-05,1.050e-05,1.573e-05,0.0002249,0.0002697,0.0002882,0.0002195,0.0002802,0.0001684,0.0001972,0.0002361,4.916e-05,0.0002157,-29.5
42852,-1.09e-06,4.284e-05,-1.49e-05,5.578e-06,1.265e-05,1.486e-05,3.049e-05,9.639e-06,1.530e-05,0.0002308,0.0002277,0.0002384,0.0002153,0.0002414,0.0001714,0.0001996,0.0002476,6.522e-05,0.0002163,-29.5
43066,-5.94e-07,4.081e-05,-1.58e-05,1.840e-06,1.411e-05,1.653e-05,3.393e-05,9.591e-06,1.483e-05,0.0001910,0.0002137,0.0002198,0.0002142,0.0002555,0.0001751,0.0001998,0.0002334,6.373e-05,0.0002136,-29.5
43411,-1.37e-06,4.073e-05,-1.50e-05,4.525e-06,1.333e-05,1.701e-05,3.054e-05,1.063e-05,1.516e-05,0.0002317,0.0002746,0.0002767,0.0002253,0.0002619,0.0001691,0.0001952,0.0002388,5.054e-05,0.0002208,-29.5
44385,-6.60e-07,4.353e-05,-1.38e-05,6.469e-06,1.372e-05,1.630e-05,3.213e-05,1.050e-05,1.550e-05,0.0002055,0.0002476,0.0002968,0.0002208,0.0002507,0.0001694,0.0001994,0.0002375,5.148e-05,0.0002156,-29.5
44489,1.108e-07,3.976e-05,-1.57e-05,1.142e-06,1.385e-05,1.684e-05,3.160e-05,1.032e-05,1.455e-05,0.0002077,0.0002652,0.0002962,0.0002193,0.0002598,0.0001794,0.0002009,0.0002440,4.893e-05,0.0002134,-29.5
45313,-1.17e-07,3.979e-05,-1.53e-05,1.690e-06,1.441e-05,1.655e-05,2.942e-05,1.024e-05,1.402e-05,0.0001999,0.0002369,0.0002236,0.0002186,0.0002114,0.0001745,0.0002064,0.0002626,5.049e-05,0.0002166,-29.5
47303,-2.24e-06,4.396e-05,-1.47e-05,7.197e-06,1.296e-05,1.561e-05,3.277e-05,9.129e-06,1.730e-05,0.0002137,0.0002501,0.0003226,0.0002252,0.0002694,0.0001603,0.0001963,0.0002506,8.827e-05,0.0002092,-29.5
47708,2.104e-07,4.459e-05,-1.45e-05,3.945e-06,1.350e-05,1.513e-05,2.938e-05,9.943e-06,1.442e-05,0.0002049,0.0002380,0.0002169,0.0002157,0.0002270,0.0001710,0.0001983,0.0002374,5.580e-05,0.0002097,-29.5
48563,-1.81e-07,3.989e-05,-1.50e-05,2.223e-06,1.389e-05,1.634e-05,3.142e-05,1.002e-05,1.409e-05,0.0002219,0.0002708,0.0002719,0.0002150,0.0002644,0.0001761,0.0002004,0.0002449,5.325e-05,0.0002114,-29.5
49254,-9.80e-07,4.469e-05,-1.61e-05,6.682e-06,1.326e-05,1.690e-05,3.450e-05,9.052e-06,1.845e-05,0.0002059,0.0002262,0.0002333,0.0002271,0.0002134,0.0001566,0.0002069,0.0002441,0.0001176,0.0002172,-29.5
49460,-6.54e-07,4.551e-05,-1.63e-05,6.794e-06,1.333e-05,1.598e-05,3.208e-05,8.731e-06,1.692e-05,0.0002156,0.0002283,0.0002295,0.0002277,0.0002328,0.0001516,0.0001974,0.0002394,0.0001089,0.0002096,-29.5
49490,-3.62e-07,4.196e-05,-1.48e-05,3.509e-06,1.359e-05,1.571e-05,3.168e-05,9.906e-06,1.452e-05,0.0002122,0.0002424,0.0003026,0.0002127,0.0002543,0.0001736,0.0001976,0.0002362,5.919e-05,0.0002226,-29.5
49678,-6.41e-07,4.182e-05,-1.62e-05,5.419e-06,1.357e-05,1.565e-05,3.488e-05,8.936e-06,1.651e-05,0.0002109,0.0002175,0.0002278,0.0002310,0.0002310,0.0001628,0.0001993,0.0002393,0.0001087,0.0002123,-29.5
50116,-1.49e-06,4.250e-05,-1.42e-05,5.577e-06,1.283e-05,1.500e-05,2.984e-05,1.003e-05,1.561e-05,0.0001992,0.0002303,0.0002576,0.0002134,0.0002435,0.0001690,0.0002046,0.0002498,5.397e-05,0.0002194,-29.5
50167,-1.13e-06,3.803e-05,-1.57e-05,1.207e-06,1.415e-05,1.674e-05,3.166e-05,9.830e-06,1.435e-05,0.0001949,0.0002412,0.0002350,0.0002182,0.0002307,0.0001739,0.0002047,0.0002591,5.764e-05,0.0002104,-29.5
50277,-1.11e-06,4.251e-05,-1.57e-05,4.363e-06,1.331e-05,1.534e-05,3.345e-05,9.090e-06,1.653e-05,0.0002165,0.0002456,0.0002571,0.0002241,0.0002521,0.0001655,0.0002055,0.0002527,9.369e-05,0.0002167,-29.5
50478,-4.86e-07,4.533e-05,-1.33e-05,6.942e-06,1.285e-05,1.526e-05,3.118e-05,1.038e-05,1.604e-05,0.0002010,0.0002523,0.0003131,0.0002205,0.0002431,0.0001702,0.0001966,0.0002339,5.196e-05,0.0002133,-29.5
50488,-3.16e-07,4.192e-05,-1.37e-05,6.081e-06,1.346e-05,1.522e-05,3.232e-05,1.047e-05,1.601e-05,0.0002062,0.0002152,0.0002116,0.0002162,0.0002126,0.0001613,0.0001988,0.0002380,5.088e-05,0.0002091,-29.5
51543,-6.40e-07,4.269e-05,-1.40e-05,5.530e-06,1.331e-05,1.548e-05,3.100e-05,1.038e-05,1.553e-05,0.0001858,0.0002439,0.0002765,0.0002220,0.0002414,0.0001661,0.0002050,0.0002430,5.073e-05,0.0002159,-29.5
52128,-6.56e-07,4.098e-05,-1.45e-05,4.279e-06,1.387e-05,1.642e-05,3.017e-05,1.055e-05,1.547e-05,0.0002418,0.0002596,0.0002923,0.0002188,0.0002711,0.0001714,0.0001990,0.0002647,5.062e-05,0.0002190,-29.5
52181,-6.87e-07,4.170e-05,-1.46e-05,4.526e-06,1.352e-05,1.563e-05,2.938e-05,1.046e-05,1.552e-05,0.0002064,0.0002340,0.0002752,0.0002196,0.0002347,0.0001699,0.0002045,0.0002503,5.071e-05,0.0002134,-29.5
52460,-1.69e-06,4.133e-05,-1.56e-05,5.589e-06,1.286e-05,1.548e-05,3.563e-05,8.959e-06,1.635e-05,0.0002118,0.0002425,0.0002866,0.0002251,0.0002334,0.0001652,0.0001979,0.0002339,8.216e-05,0.0002061,-29.5
52974,-6.70e-07,4.284e-05,-1.69e-05,3.272e-06,1.384e-05,1.590e-05,3.382e-05,8.864e-06,1.639e-05,0.0001993,0.0002373,0.0002362,0.0002219,0.0002346,0.0001626,0.0002026,0.0002422,0.0001017,0.0002136,-29.5
53084,2.681e-07,4.090e-05,-1.52e-05,2.442e-06,1.430e-05,1.576e-05,3.315e-05,9.590e-06,1.457e-05,0.0002129,0.0002333,0.0002339,0.0002163,0.0002234,0.0001806,0.0002050,0.0002471,6.782e-05,0.0002199,-29.5
53600,-1.27e-06,4.394e-05,-1.64e-05,7.235e-06,1.321e-05,1.646e-05,3.332e-05,9.105e-06,1.730e-05,0.0002215,0.0002187,0.0002642,0.0002275,0.0002374,0.0001556,0.0002088,0.0002555,0.0001156,0.0002198,-29.5
53915,-1.24e-06,4.356e-05,-1.49e-05,6.847e-06,1.341e-05,1.630e-05,3.371e-05,8.921e-06,1.715e-05,0.0002084,0.0002341,0.0002619,0.0002300,0.0002202,0.0001579,0.0002012,0.0002416,9.479e-05,0.0002073,-29.5
54245,-1.15e-06,3.933e-05,-1.66e-05,2.047e-06,1.315e-05,1.654e-05,3.521e-05,9.088e-06,1.577e-05,0.0002219,0.0002631,0.0002589,0.0002351,0.0002450,0.0001719,0.0002060,0.0002576,8.419e-05,0.0002144,-29.5
54873,-2.22e-07,4.447e-05,-1.68e-05,5.973e-06,1.360e-05,1.644e-05,3.253e-05,9.120e-06,1.745e-05,0.0001918,0.0002118,0.0002367,0.0002092,0.0002058,0.0001612,0.0002086,0.0002438,0.0001214,0.0002145,-29.5
54917,-4.57e-07,3.851e-05,-1.75e-05,-4.50e-07,1.434e-05,1.674e-05,3.280e-05,9.064e-06,1.466e-05,0.0002135,0.0002275,0.0002433,0.0002106,0.0002425,0.0001755,0.0002080,0.0002480,7.901e-05,0.0002130,-29.5
55309,-1.58e-08,4.132e-05,-1.45e-05,3.735e-06,1.363e-05,1.665e-05,2.998e-05,1.057e-05,1.523e-05,0.0002120,0.0002374,0.0003269,0.0002240,0.0002445,0.0001735,0.0002000,0.0002414,4.909e-05,0.0002089,-29.5
56483,-8.14e-07,4.279e-05,-1.64e-05,4.377e-06,1.406e-05,1.674e-05,3.437e-05,8.795e-06,1.676e-05,0.0002242,0.0002407,0.0002694,0.0002330,0.0002362,0.0001681,0.0002059,0.0002409,0.0001111,0.0002118,-29.5
56498,-1.26e-06,4.176e-05,-1.39e-05,5.663e-06,1.303e-05,1.478e-05,3.021e-05,9.823e-06,1.599e-05,0.0002017,0.0002485,0.0002622,0.0002164,0.0002529,0.0001606,0.0001951,0.0002489,6.258e-05,0.0002219,-29.5
56774,-4.73e-07,4.288e-05,-1.35e-05,5.920e-06,1.342e-05,1.541e-05,2.963e-05,1.058e-05,1.598e-05,0.0001926,0.0002446,0.0002896,0.0002200,0.0002383,0.0001647,0.0001990,0.0002382,5.059e-05,0.0002172,-29.5
57839,-1.33e-08,4.367e-05,-1.45e-05,5.222e-06,1.315e-05,1.521e-05,2.821e-05,1.045e-05,1.435e-05,0.0002126,0.0002485,0.0003139,0.0002206,0.0002781,0.0001760,0.0001999,0.0002439,4.953e-05,0.0002173,-29.5
58166,1.650e-07,4.129e-05,-1.41e-05,4.420e-06,1.395e-05,1.518e-05,3.120e-05,1.006e-05,1.506e-05,0.0002088,0.0002348,0.0002264,0.0002135,0.0002448,0.0001652,0.0001958,0.0002473,5.594e-05,0.0002194,-29.5
58265,-1.72e-06,4.411e-05,-1.54e-05,7.083e-06,1.308e-05,1.610e-05,3.375e-05,9.017e-06,1.694e-05,0.0002148,0.0002631,0.0003035,0.0002323,0.0002363,0.0001615,0.0002040,0.0002603,9.397e-05,0.0002190,-29.5
58552,-5.79e-09,4.219e-05,-1.73e-05,5.302e-06,1.353e-05,1.725e-05,3.488e-05,1.042e-05,2.024e-05,0.0002167,0.0002665,0.0003100,0.0002537,0.0002856,0.0001539,0.0002180,0.0002480,0.0001518,0.0002262,-29.5
58561,-6.37e-07,4.094e-05,-1.76e-05,3.057e-06,1.332e-05,1.761e-05,3.468e-05,9.199e-06,1.779e-05,0.0002395,0.0002499,0.0002868,0.0002447,0.0002720,0.0001691,0.0002183,0.0002552,0.0001272,0.0002277,-29.5
58886,-1.74e-06,4.208e-05,-1.51e-05,5.293e-06,1.350e-05,1.639e-05,3.307e-05,9.090e-06,1.691e-05,0.0002133,0.0002255,0.0002513,0.0002186,0.0002320,0.0001625,0.0001980,0.0002383,8.352e-05,0.0002109,-29.5
59257,-7.93e-07,4.290e-05,-1.42e-05,4.294e-06,1.303e-05,1.613e-05,3.218e-05,1.051e-05,1.656e-05,0.0002071,0.0002411,0.0002884,0.0002207,0.0002363,0.0001690,0.0002028,0.0002436,4.827e-05,0.0002114,-29.5
59844,-1.37e-06,4.441e-05,-1.29e-05,8.227e-06,1.239e-05,1.584e-05,2.976e-05,1.051e-05,1.709e-05,0.0002296,0.0002501,0.0003039,0.0002255,0.0002522,0.0001659,0.0001964,0.0002510,5.139e-05,0.0002098,-29.5
59897,2.900e-07,4.020e-05,-1.86e-05,2.101e-07,1.427e-05,1.837e-05,3.579e-05,8.993e-06,1.660e-05,0.0002267,0.0002543,0.0003100,0.0002362,0.0002522,0.0001693,0.0002193,0.0002649,0.0001169,0.0002228,-29.5
60373,-2.89e-07,4.212e-05,-1.48e-05,3.696e-06,1.378e-05,1.608e-05,3.063e-05,1.001e-05,1.509e-05,0.0002186,0.0002443,0.0002854,0.0002233,0.0002264,0.0001719,0.0002019,0.0002533,5.650e-05,0.0002186,-29.5
61019,-1.03e-06,4.088e-05,-1.66e-05,5.902e-06,1.355e-05,1.663e-05,3.604e-05,9.280e-06,1.805e-05,0.0002314,0.0002812,0.0003794,0.0002420,0.0002793,0.0001511,0.0002111,0.0002484,0.0001335,0.0002236,-29.5
61053,3.281e-07,3.867e-05,-1.67e-05,-1.28e-07,1.477e-05,1.592e-05,3.317e-05,9.453e-06,1.392e-05,0.0001946,0.0002200,0.0002185,0.0002130,0.0002165,0.0001686,0.0002034,0.0002381,6.908e-05,0.0002085,-29.5
61184,-9.50e-07,3.993e-05,-1.70e-05,1.945e-06,1.423e-05,1.757e-05,3.198e-05,8.849e-06,1.532e-05,0.0002340,0.0002450,0.0003304,0.0002203,0.0002525,0.0001780,0.0002047,0.0002485,9.527e-05,0.0002157,-29.5
61715,-6.23e-07,4.381e-05,-1.40e-05,5.311e-06,1.344e-05,1.609e-05,3.224e-05,1.030e-05,1.562e-05,0.0002215,0.0002284,0.0002522,0.0002129,0.0002366,0.0001682,0.0001938,0.0002383,5.327e-05,0.0002091,-29.5
62256,-9.34e-07,3.965e-05,-1.47e-05,4.807e-06,1.401e-05,1.508e-05,3.551e-05,9.254e-06,1.587e-05,0.0001994,0.0002372,0.0002526,0.0002238,0.0002207,0.0001692,0.0002004,0.0002409,7.509e-05,0.0002176,-29.5
62450,-1.17e-06,4.394e-05,-1.40e-05,5.614e-06,1.331e-05,1.480e-05,3.020e-05,1.003e-05,1.534e-05,0.0001862,0.0002311,0.0002517,0.0002096,0.0002179,0.0001644,0.0002008,0.0002307,5.088e-05,0.0002081,-29.5
62498,-1.06e-06,4.305e-05,-1.52e-05,4.314e-06,1.381e-05,1.539e-05,3.081e-05,9.078e-06,1.598e-05,0.0002251,0.0002367,0.0002357,0.0002213,0.0002387,0.0001709,0.0001966,0.0002426,7.565e-05,0.0002183,-29.5
63241,8.435e-07,4.433e-05,-1.73e-05,5.130e-06,1.404e-05,1.683e-05,3.475e-05,1.033e-05,1.850e-05,0.0001866,0.0002060,0.0002239,0.0002172,0.0002165,0.0001568,0.0002135,0.0002417,0.0001517,0.0002221,-29.5
63461,-1.03e-06,4.039e-05,-1.44e-05,4.900e-06,1.343e-05,1.585e-05,3.178e-05,9.759e-06,1.466e-05,0.0002062,0.0002211,0.0002327,0.0002205,0.0002155,0.0001728,0.0002066,0.0002483,6.078e-05,0.0002196,-29.5
63823,-2.00e-07,4.335e-05,-1.38e-05,6.195e-06,1.332e-05,1.563e-05,3.009e-05,1.048e-05,1.597e-05,0.0002122,0.0002550,0.0003414,0.0002188,0.0002547,0.0001659,0.0001975,0.0002540,5.122e-05,0.0002087,-29.5
63984,-6.13e-08,4.135e-05,-1.52e-05,2.793e-06,1.391e-05,1.611e-05,3.050e-05,1.002e-05,1.440e-05,0.0002063,0.0002504,0.0002619,0.0002198,0.0002311,0.0001748,0.0001980,0.0002392,5.455e-05,0.0002156,-29.5
64323,-6.82e-07,4.372e-05,-1.63e-05,4.917e-06,1.352e-05,1.654e-05,3.342e-05,8.705e-06,1.633e-05,0.0001886,0.0002140,0.0002124,0.0002226,0.0002250,0.0001657,0.0002035,0.0002421,0.0001021,0.0002150,-29.5
64407,3.320e-08,4.074e-05,-1.58e-05,1.413e-06,1.421e-05,1.597e-05,3.096e-05,1.005e-05,1.400e-05,0.0001912,0.0002071,0.0002353,0.0002146,0.0002089,0.0001672,0.0001942,0.0002332,5.859e-05,0.0002120,-29.5
64467,-1.15e-06,3.830e-05,-1.80e-05,-3.34e-08,1.370e-05,1.753e-05,3.427e-05,8.920e-06,1.510e-05,0.0002182,0.0002622,0.0002702,0.0002228,0.0002663,0.0001790,0.0002124,0.0002493,8.797e-05,0.0002208,-29.5
64708,-4.20e-08,4.187e-05,-1.52e-05,2.982e-06,1.362e-05,1.553e-05,3.125e-05,9.937e-06,1.464e-05,0.0002118,0.0002406,0.0003162,0.0002226,0.0002608,0.0001781,0.0001998,0.0002424,5.418e-05,0.0002277,-29.5
64937,-5.57e-08,3.899e-05,-1.59e-05,9.873e-07,1.452e-05,1.665e-05,3.265e-05,9.620e-06,1.465e-05,0.0002255,0.0002518,0.0002701,0.0002183,0.0002331,0.0001770,0.0002034,0.0002526,6.277e-05,0.0002221,-29.5
65044,-1.06e-06,4.411e-05,-1.50e-05,6.396e-06,1.277e-05,1.511e-05,3.276e-05,9.018e-06,1.613e-05,0.0001940,0.0002113,0.0002429,0.0002167,0.0002140,0.0001658,0.0001967,0.0002523,8.110e-05,0.0002127,-29.5
65384,-1.28e-06,4.294e-05,-1.37e-05,6.422e-06,1.321e-05,1.536e-05,2.995e-05,1.010e-05,1.563e-05,0.0002031,0.0002338,0.0002358,0.0002184,0.0002555,0.0001700,0.0001999,0.0002409,5.494e-05,0.0002136,-29.5
65577,3.215e-07,3.899e-05,-1.68e-05,3.915e-07,1.360e-05,1.549e-05,3.279e-05,9.843e-06,1.308e-05,0.0001992,0.0002468,0.0002392,0.0002018,0.0002343,0.0001825,0.0001997,0.0002318,5.599e-05,0.0002182,-29.5
65737,-8.83e-07,4.173e-05,-1.36e-05,5.428e-06,1.341e-05,1.572e-05,3.239e-05,9.708e-06,1.568e-05,0.0002334,0.0002830,0.0003134,0.0002370,0.0003075,0.0001746,0.0002022,0.0002565,6.782e-05,0.0002230,-29.5
65929,-3.30e-07,4.278e-05,-1.74e-05,5.022e-06,1.368e-05,1.669e-05,3.587e-05,9.436e-06,1.874e-05,0.0002028,0.0002436,0.0002589,0.0002359,0.0002413,0.0001486,0.0002121,0.0002439,0.0001346,0.0002199,-29.5
66048,7.276e-07,4.019e-05,-1.75e-05,1.305e-06,1.386e-05,1.704e-05,3.711e-05,8.881e-06,1.589e-05,0.0002110,0.0002323,0.0002332,0.0002269,0.0002344,0.0001747,0.0002065,0.0002471,0.0001046,0.0002227,-29.5
66315,-1.21e-06,4.216e-05,-1.46e-05,4.375e-06,1.363e-05,1.533e-05,2.938e-05,9.963e-06,1.496e-05,0.0002288,0.0002506,0.0002644,0.0002140,0.0002596,0.0001627,0.0001958,0.0002438,5.675e-05,0.0002134,-29.5
67137,-2.30e-07,4.127e-05,-1.50e-05,3.148e-06,1.368e-05,1.627e-05,3.108e-05,1.047e-05,1.542e-05,0.0002098,0.0002331,0.0002596,0.0002222,0.0002376,0.0001730,0.0002011,0.0002567,5.240e-05,0.0002107,-29.5
68142,-5.21e-07,4.155e-05,-1.39e-05,5.908e-06,1.327e-05,1.505e-05,3.001e-05,1.039e-05,1.556e-05,0.0002087,0.0002383,0.0002421,0.0002103,0.0002462,0.0001721,0.0002013,0.0002374,5.000e-05,0.0002135,-29.5
69067,-2.55e-07,4.098e-05,-1.51e-05,2.743e-06,1.386e-05,1.620e-05,2.967e-05,1.021e-05,1.460e-05,0.0002218,0.0002402,0.0002579,0.0002211,0.0002514,0.0001772,0.0002005,0.0002464,5.503e-05,0.0002241,-29.5
69858,-1.49e-06,4.133e-05,-1.48e-05,5.501e-06,1.300e-05,1.526e-05,3.245e-05,9.273e-06,1.613e-05,0.0001942,0.0002379,0.0003076,0.0002146,0.0002317,0.0001637,0.0001930,0.0002437,7.147e-05,0.0002001,-29.5
70357,-4.12e-07,4.148e-05,-1.54e-05,3.100e-06,1.380e-05,1.585e-05,3.302e-05,9.250e-06,1.525e-05,0.0002159,0.0002456,0.0002773,0.0002196,0.0002574,0.0001742,0.0002017,0.0002411,7.427e-05,0.0002183,-29.5
70488,-1.04e-06,4.156e-05,-1.42e-05,5.602e-06,1.319e-05,1.573e-05,3.305e-05,9.464e-06,1.605e-05,0.0002347,0.0002601,0.0003246,0.0002331,0.0002703,0.0001672,0.0001957,0.0002505,7.801e-05,0.0002137,-29.5
71389,-5.66e-07,4.375e-05,-1.68e-05,5.755e-06,1.357e-05,1.728e-05,3.579e-05,9.157e-06,1.762e-05,0.0002052,0.0002134,0.0002433,0.0002232,0.0002078,0.0001574,0.0002090,0.0002480,0.0001187,0.0002167,-29.5
71435,4.288e-09,3.948e-05,-1.62e-05,1.602e-06,1.440e-05,1.616e-05,3.401e-05,9.535e-06,1.455e-05,0.0002404,0.0002673,0.0002665,0.0002260,0.0002486,0.0001751,0.0002035,0.0002435,6.670e-05,0.0002131,-29.5
71484,-8.72e-07,4.233e-05,-1.43e-05,6.032e-06,1.309e-05,1.531e-05,3.292e-05,1.004e-05,1.472e-05,0.0002316,0.0002666,0.0002709,0.0002153,0.0002509,0.0001715,0.0001990,0.0002403,5.210e-05,0.0002159,-29.5
72198,-4.46e-07,4.131e-05,-1.77e-05,2.214e-06,1.423e-05,1.791e-05,3.600e-05,8.944e-06,1.647e-05,0.0002182,0.0002648,0.0003340,0.0002515,0.0002679,0.0001632,0.0002076,0.0002386,0.0001150,0.0002203,-29.5
72541,-5.59e-07,4.535e-05,-1.21e-05,9.482e-06,1.328e-05,1.506e-05,2.990e-05,9.726e-06,1.592e-05,0.0002324,0.0002328,0.0002822,0.0002270,0.0002405,0.0001575,0.0001899,0.0002381,5.660e-05,0.0002059,-29.5
72631,-2.79e-07,4.154e-05,-1.44e-05,3.892e-06,1.339e-05,1.706e-05,2.938e-05,1.041e-05,1.533e-05,0.0002480,0.0002651,0.0002876,0.0002200,0.0002596,0.0001687,0.0001966,0.0002517,5.085e-05,0.0002194,-29.5
74092,1.929e-07,4.216e-05,-1.84e-05,9.523e-07,1.429e-05,1.822e-05,3.504e-05,8.958e-06,1.602e-05,0.0001980,0.0002393,0.0002259,0.0002151,0.0002113,0.0001710,0.0002086,0.0002455,0.0001214,0.0002204,-29.5
74292,-3.48e-07,4.106e-05,-1.47e-05,4.004e-06,1.366e-05,1.637e-05,3.002e-05,1.003e-05,1.396e-05,0.0001963,0.0002436,0.0002651,0.0002158,0.0002194,0.0001784,0.0001957,0.0002490,5.489e-05,0.0002139,-29.5
74911,-6.88e-07,4.348e-05,-1.43e-05,4.173e-06,1.352e-05,1.551e-05,3.212e-05,1.030e-05,1.570e-05,0.0002290,0.0002293,0.0002709,0.0002156,0.0002591,0.0001671,0.0002014,0.0002362,5.294e-05,0.0002130,-29.5
75726,-3.51e-07,3.956e-05,-1.57e-05,1.976e-06,1.337e-05,1.568e-05,3.376e-05,1.028e-05,1.435e-05,0.0002149,0.0002289,0.0002669,0.0002117,0.0002344,0.0001793,0.0001968,0.0002424,5.346e-05,0.0002152,-29.5
75937,-4.20e-07,4.082e-05,-1.52e-05,3.514e-06,1.396e-05,1.611e-05,3.236e-05,9.977e-06,1.478e-05,0.0002252,0.0002686,0.0002947,0.0002154,0.0002498,0.0001731,0.0002040,0.0002379,5.566e-05,0.0002139,-29.5
76639,-4.74e-07,4.203e-05,-1.51e-05,4.493e-06,1.312e-05,1.488e-05,3.296e-05,9.637e-06,1.449e-05,0.0002282,0.0002602,0.0003360,0.0002180,0.0002638,0.0001756,0.0001998,0.0002396,6.791e-05,0.0002182,-29.5
76640,2.279e-07,3.852e-05,-1.62e-05,5.818e-07,1.429e-05,1.665e-05,3.379e-05,9.858e-06,1.373e-05,0.0001876,0.0002330,0.0002469,0.0002153,0.0002487,0.0001774,0.0001981,0.0002468,5.747e-05,0.0002084,-29.5
76676,-3.91e-09,4.201e-05,-1.47e-05,2.443e-06,1.413e-05,1.674e-05,3.118e-05,1.050e-05,1.533e-05,0.0002075,0.0002634,0.0003192,0.0002255,0.0002541,0.0001744,0.0002096,0.0002409,5.133e-05,0.0002144,-29.5
76944,9.789e-07,4.271e-05,-1.57e-05,1.429e-06,1.409e-05,1.666e-05,3.106e-05,1.037e-05,1.399e-05,0.0002126,0.0002649,0.0003073,0.0002201,0.0002698,0.0001799,0.0002064,0.0002334,5.211e-05,0.0002214,-29.5
76964,2.510e-07,4.132e-05,-1.54e-05,1.927e-06,1.393e-05,1.693e-05,2.990e-05,1.051e-05,1.525e-05,0.0001906,0.0002445,0.0002849,0.0002196,0.0002349,0.0001819,0.0002075,0.0002449,5.105e-05,0.0002184,-29.5
77124,-4.25e-07,4.091e-05,-1.61e-05,1.796e-06,1.382e-05,1.607e-05,3.152e-05,9.408e-06,1.421e-05,0.0002170,0.0002554,0.0002774,0.0002180,0.0002620,0.0001701,0.0002076,0.0002418,6.467e-05,0.0002226,-29.5
77407,-6.44e-07,4.073e-05,-1.57e-05,2.021e-06,1.350e-05,1.607e-05,3.062e-05,9.353e-06,1.470e-05,0.0001871,0.0002241,0.0002822,0.0002092,0.0002161,0.0001679,0.0001996,0.0002404,7.245e-05,0.0002143,-29.5
78074,-1.64e-06,4.398e-05,-1.42e-05,5.897e-06,1.313e-05,1.544e-05,3.127e-05,9.551e-06,1.518e-05,0.0002339,0.0002266,0.0002095,0.0002164,0.0002270,0.0001673,0.0002016,0.0002359,5.942e-05,0.0002214,-29.5
78691,-1.41e-06,3.808e-05,-1.58e-05,2.538e-06,1.349e-05,1.585e-05,3.169e-05,9.437e-06,1.499e-05,0.0001982,0.0002370,0.0002326,0.0002159,0.0002222,0.0001775,0.0002075,0.0002395,6.209e-05,0.0002164,-29.5
78819,-3.74e-07,4.143e-05,-1.51e-05,3.530e-06,1.344e-05,1.593e-05,3.265e-05,1.016e-05,1.440e-05,0.0002035,0.0002506,0.0003274,0.0002207,0.0002598,0.0001734,0.0002060,0.0002488,5.715e-05,0.0002197,-29.5
78820,-3.99e-07,4.205e-05,-1.41e-05,4.778e-06,1.308e-05,1.577e-05,2.928e-05,1.019e-05,1.579e-05,0.0002046,0.0002482,0.0003022,0.0002218,0.0002725,0.0001701,0.0001957,0.0002494,5.464e-05,0.0002155,-29.5
79224,7.901e-07,3.903e-05,-1.50e-05,2.194e-06,1.380e-05,1.564e-05,2.981e-05,1.025e-05,1.424e-05,0.0002248,0.0002521,0.0002242,0.0002101,0.0002363,0.0001772,0.0001979,0.0002572,4.932e-05,0.0002164,-29.5
79447,-1.32e-07,4.126e-05,-1.57e-05,1.658e-06,1.416e-05,1.642e-05,3.023e-05,9.764e-06,1.423e-05,0.0002028,0.0002365,0.0002514,0.0002174,0.0002510,0.0001731,0.0002056,0.0002226,6.081e-05,0.0002124,-29.5
80433,-9.28e-07,4.470e-05,-1.37e-05,6.394e-06,1.274e-05,1.536e-05,2.965e-05,1.037e-05,1.606e-05,0.0002272,0.0002432,0.0003049,0.0002190,0.0002404,0.0001719,0.0001923,0.0002394,5.210e-05,0.0002204,-29.5
80699,-7.47e-07,3.964e-05,-1.76e-05,5.143e-07,1.422e-05,1.700e-05,3.448e-05,8.923e-06,1.454e-05,0.0002216,0.0002342,0.0002797,0.0002226,0.0002525,0.0001712,0.0002101,0.0002478,9.107e-05,0.0002144,-29.5
80755,-6.54e-07,4.447e-05,-1.43e-05,5.643e-06,1.315e-05,1.460e-05,2.928e-05,9.526e-06,1.565e-05,0.0002154,0.0002273,0.0002398,0.0002146,0.0002544,0.0001691,0.0001992,0.0002506,6.218e-05,0.0002121,-29.5
81091,-1.28e-06,4.123e-05,-1.59e-05,3.358e-06,1.370e-05,1.572e-05,3.211e-05,9.295e-06,1.540e-05,0.0002182,0.0002576,0.0003015,0.0002238,0.0002537,0.0001654,0.0002060,0.0002444,7.192e-05,0.0002139,-29.5
84386,-7.73e-07,4.053e-05,-1.58e-05,2.063e-06,1.378e-05,1.606e-05,3.154e-05,9.677e-06,1.421e-05,0.0002187,0.0002345,0.0002401,0.0002152,0.0002422,0.0001755,0.0001988,0.0002402,6.812e-05,0.0002159,-29.5
84705,-8.23e-07,4.434e-05,-1.35e-05,5.891e-06,1.327e-05,1.520e-05,2.974e-05,9.833e-06,1.593e-05,0.0002147,0.0002627,0.0002654,0.0002308,0.0002421,0.0001679,0.0002054,0.0002526,5.952e-05,0.0002223,-29.5
84925,-3.54e-07,4.237e-05,-1.70e-05,5.238e-06,1.354e-05,1.650e-05,3.352e-05,9.401e-06,1.799e-05,0.0002338,0.0002656,0.0002758,0.0002481,0.0002546,0.0001554,0.0002132,0.0002627,0.0001368,0.0002183,-29.5
85072,-1.69e-06,4.284e-05,-1.55e-05,6.243e-06,1.303e-05,1.618e-05,3.453e-05,8.767e-06,1.841e-05,0.0002069,0.0002466,0.0002575,0.0002178,0.0002327,0.0001624,0.0002085,0.0002506,0.0001046,0.0002165,-29.5
85690,-7.60e-06,3.527e-05,-5.16e-06,2.216e-05,1.065e-05,9.725e-06,2.605e-05,1.202e-05,2.162e-05,0.0001823,0.0002265,0.0002622,0.0002174,0.0002128,0.0001019,7.426e-05,0.0002230,7.296e-05,0.0002079,-29.5
87057,-2.31e-07,4.167e-05,-1.35e-05,4.991e-06,1.412e-05,1.576e-05,3.125e-05,1.020e-05,1.536e-05,0.0001991,0.0002353,0.0003028,0.0002156,0.0002430,0.0001635,0.0001991,0.0002519,5.364e-05,0.0002163,-29.5
87196,-1.11e-06,4.077e-05,-1.56e-05,3.858e-06,1.410e-05,1.687e-05,3.457e-05,8.939e-06,1.551e-05,0.0001953,0.0002205,0.0002397,0.0002121,0.0002388,0.0001730,0.0002119,0.0002538,9.502e-05,0.0002133,-29.5
87617,1.221e-08,3.652e-05,-1.63e-05,-4.87e-07,1.483e-05,1.681e-05,3.002e-05,9.612e-06,1.378e-05,0.0002682,0.0003846,0.0004946,0.0002243,0.0003450,0.0001773,0.0002039,0.0002524,6.442e-05,0.0002213,-29.5
88410,-1.13e-06,4.376e-05,-1.57e-05,4.572e-06,1.357e-05,1.567e-05,2.991e-05,9.128e-06,1.545e-05,0.0002100,0.0002379,0.0002259,0.0002222,0.0002622,0.0001723,0.0001997,0.0002482,7.718e-05,0.0002181,-29.5
89985,-1.11e-06,4.126e-05,-1.57e-05,2.458e-06,1.338e-05,1.555e-05,3.172e-05,9.554e-06,1.415e-05,0.0001963,0.0002180,0.0002295,0.0002200,0.0002309,0.0001754,0.0002014,0.0002437,5.696e-05,0.0002220,-29.5
90375,-1.31e-06,4.054e-05,-1.62e-05,8.343e-07,1.340e-05,1.679e-05,3.102e-05,9.786e-06,1.412e-05,0.0001674,0.0002078,0.0002322,0.0002110,0.0002013,0.0001712,0.0001989,0.0002349,5.459e-05,0.0002133,-29.5
90762,-3.61e-07,4.368e-05,-1.36e-05,4.905e-06,1.332e-05,1.527e-05,3.004e-05,1.016e-05,1.518e-05,0.0002453,0.0002922,0.0003384,0.0002195,0.0002890,0.0001686,0.0001998,0.0002573,5.041e-05,0.0002181,-29.5
90780,-9.57e-07,4.380e-05,-1.49e-05,5.569e-06,1.327e-05,1.552e-05,3.368e-05,9.121e-06,1.565e-05,0.0001987,0.0002529,0.0002702,0.0002181,0.0002374,0.0001693,0.0002022,0.0002514,7.704e-05,0.0002242,-29.5
91122,4.046e-08,3.940e-05,-1.51e-05,1.985e-06,1.365e-05,1.695e-05,3.178e-05,1.037e-05,1.439e-05,0.0002387,0.0002580,0.0002834,0.0002206,0.0002669,0.0001751,0.0001993,0.0002425,5.092e-05,0.0002209,-29.5
91818,-1.46e-06,4.400e-05,-1.51e-05,6.739e-06,1.284e-05,1.505e-05,3.294e-05,9.063e-06,1.610e-05,0.0002064,0.0002605,0.0002588,0.0002375,0.0002456,0.0001594,0.0002000,0.0002414,8.399e-05,0.0002146,-29.5
91903,3.135e-07,3.831e-05,-1.56e-05,9.371e-07,1.405e-05,1.643e-05,3.352e-05,1.003e-05,1.321e-05,0.0002235,0.0002376,0.0002588,0.0002175,0.0002313,0.0001729,0.0002020,0.0002447,5.272e-05,0.0002169,-29.5
93548,-5.44e-07,4.180e-05,-1.43e-05,3.890e-06,1.334e-05,1.579e-05,2.882e-05,1.031e-05,1.541e-05,0.0002108,0.0002503,0.0002780,0.0002166,0.0002464,0.0001691,0.0002063,0.0002376,4.816e-05,0.0002131,-29.5
93985,-5.10e-07,4.182e-05,-1.62e-05,1.824e-06,1.417e-05,1.614e-05,3.093e-05,9.144e-06,1.446e-05,0.0001948,0.0002148,0.0002664,0.0002338,0.0002331,0.0001766,0.0002045,0.0002462,7.768e-05,0.0002160,-29.5
94011,-1.49e-06,4.360e-05,-1.56e-05,5.926e-06,1.287e-05,1.577e-05,3.472e-05,8.852e-06,1.654e-05,0.0002210,0.0002337,0.0002611,0.0002158,0.0002335,0.0001654,0.0002011,0.0002391,9.657e-05,0.0002178,-29.5
94267,-9.11e-07,4.321e-05,-1.50e-05,7.037e-06,1.343e-05,1.551e-05,3.432e-05,8.881e-06,1.769e-05,0.0002089,0.0002236,0.0002559,0.0002261,0.0002240,0.0001601,0.0002004,0.0002444,0.0001054,0.0002117,-29.5
94596,-1.80e-06,4.528e-05,-1.31e-05,7.121e-06,1.267e-05,1.458e-05,3.032e-05,9.964e-06,1.602e-05,0.0001891,0.0002200,0.0002557,0.0002162,0.0002240,0.0001634,0.0001936,0.0002464,5.549e-05,0.0002121,-29.5
94942,-8.50e-07,4.167e-05,-1.72e-05,2.023e-06,1.364e-05,1.676e-05,3.340e-05,8.785e-06,1.607e-05,0.0002208,0.0002724,0.0002797,0.0002283,0.0002406,0.0001762,0.0002079,0.0002561,0.0001090,0.0002252,-29.5
94965,-1.35e-06,4.311e-05,-1.48e-05,3.923e-06,1.315e-05,1.600e-05,3.229e-05,9.565e-06,1.568e-05,0.0002078,0.0002177,0.0002448,0.0002075,0.0002229,0.0001602,0.0001876,0.0002427,6.203e-05,0.0002064,-29.5
95332,-9.75e-07,3.910e-05,-1.57e-05,2.625e-06,1.327e-05,1.571e-05,3.217e-05,9.381e-06,1.535e-05,0.0002488,0.0002645,0.0003019,0.0002264,0.0002670,0.0001686,0.0002005,0.0002550,7.123e-05,0.0002145,-29.5
96468,-2.16e-06,4.355e-05,-1.39e-05,6.697e-06,1.280e-05,1.490e-05,2.927e-05,9.651e-06,1.621e-05,0.0002092,0.0002356,0.0002893,0.0002166,0.0002466,0.0001606,0.0001978,0.0002481,6.392e-05,0.0002139,-29.5
96826,-8.94e-07,4.034e-05,-1.52e-05,3.000e-06,1.340e-05,1.551e-05,3.077e-05,1.011e-05,1.485e-05,0.0002129,0.0002516,0.0002949,0.0002244,0.0002473,0.0001731,0.0002101,0.0002518,5.277e-05,0.0002216,-29.5
97505,-1.45e-06,4.252e-05,-1.47e-05,5.827e-06,1.293e-05,1.535e-05,3.268e-05,9.114e-06,1.665e-05,0.0002153,0.0002522,0.0003066,0.0002225,0.0002426,0.0001638,0.0002009,0.0002447,8.238e-05,0.0002095,-29.5
97628,2.090e-07,4.064e-05,-1.83e-05,2.530e-06,1.360e-05,1.771e-05,3.440e-05,9.898e-06,1.929e-05,0.0002270,0.0002629,0.0003315,0.0002604,0.0002644,0.0001582,0.0002180,0.0002596,0.0001564,0.0002214,-29.5
98517,-4.37e-06,3.423e-05,-2.27e-05,-4.89e-06,1.440e-05,1.676e-05,3.535e-05,8.983e-06,1.459e-05,0.0002022,0.0002425,0.0003078,0.0002274,0.0002400,0.0001803,0.0002068,0.0002506,9.904e-05,0.0002188,-29.5
98722,-4.61e-06,3.610e-05,-1.86e-05,-1.50e-06,1.380e-05,1.593e-05,3.207e-05,9.824e-06,1.471e-05,0.0002698,0.0003363,0.0003993,0.0002290,0.0003287,0.0001796,0.0002164,0.0002561,5.732e-05,0.0002204,-29.5
98833,-6.88e-06,3.742e-05,-2.01e-05,5.739e-07,1.306e-05,1.550e-05,3.478e-05,8.965e-06,1.733e-05,0.0002106,0.0002520,0.0002961,0.0002246,0.0002623,0.0001606,0.0002046,0.0002448,9.043e-05,0.0002146,-29.5
98860,-5.05e-06,3.771e-05,-1.92e-05,-1.06e-06,1.335e-05,1.556e-05,3.114e-05,9.914e-06,1.519e-05,0.0002218,0.0002381,0.0002577,0.0002128,0.0002411,0.0001748,0.0002054,0.0002496,5.108e-05,0.0002159,-29.5
100125,-5.20e-06,3.582e-05,-1.99e-05,-1.61e-06,1.336e-05,1.579e-05,3.217e-05,9.925e-06,1.473e-05,0.0002142,0.0002394,0.0002982,0.0002174,0.0002521,0.0001752,0.0002025,0.0002456,5.192e-05,0.0002239,-29.5
100328,-4.87e-06,3.591e-05,-2.03e-05,-2.98e-06,1.423e-05,1.534e-05,3.074e-05,1.009e-05,1.384e-05,0.0002157,0.0002321,0.0002735,0.0002175,0.0002305,0.0001755,0.0002054,0.0002533,5.733e-05,0.0002208,-29.5
101255,-5.17e-06,3.729e-05,-1.87e-05,3.542e-07,1.372e-05,1.610e-05,2.822e-05,1.033e-05,1.507e-05,0.0002046,0.0002250,0.0002740,0.0002160,0.0002404,0.0001734,0.0001967,0.0002492,5.000e-05,0.0002148,-29.5
101311,-4.93e-06,3.704e-05,-2.26e-05,-7.88e-07,1.400e-05,1.710e-05,3.545e-05,9.068e-06,1.701e-05,0.0002170,0.0002304,0.0002702,0.0002223,0.0002458,0.0001609,0.0002122,0.0002542,0.0001213,0.0002195,-29.5
103034,-5.40e-06,3.354e-05,-2.12e-05,-5.46e-06,1.448e-05,1.808e-05,3.185e-05,1.060e-05,1.382e-05,0.0002113,0.0002416,0.0003353,0.0002254,0.0002644,0.0001743,0.0002141,0.0002327,4.912e-05,0.0002198,-29.5
103060,-5.42e-06,3.500e-05,-1.99e-05,-2.52e-06,1.386e-05,1.665e-05,3.355e-05,1.050e-05,1.444e-05,0.0002153,0.0002518,0.0003255,0.0002193,0.0002433,0.0001779,0.0002035,0.0002364,4.664e-05,0.0002170,-29.5
103832,-5.90e-06,4.075e-05,-2.07e-05,4.424e-07,1.310e-05,1.572e-05,3.356e-05,8.923e-06,1.573e-05,0.0002064,0.0002275,0.0002505,0.0002250,0.0002170,0.0001647,0.0002022,0.0002365,8.775e-05,0.0002171,-29.5
105693,-6.31e-06,4.139e-05,-2.08e-05,3.044e-06,1.255e-05,1.634e-05,3.406e-05,9.181e-06,1.902e-05,0.0002137,0.0002179,0.0002400,0.0002215,0.0002163,0.0001495,0.0002107,0.0002504,0.0001231,0.0002237,-29.5
105900,-5.40e-06,3.805e-05,-1.85e-05,1.063e-06,1.300e-05,1.590e-05,3.206e-05,1.044e-05,1.531e-05,0.0002061,0.0002317,0.0002529,0.0002253,0.0002102,0.0001684,0.0002001,0.0002390,5.044e-05,0.0002137,-29.5
106878,-4.71e-06,3.926e-05,-2.22e-05,4.155e-07,1.363e-05,1.731e-05,3.488e-05,1.030e-05,1.952e-05,0.0002058,0.0002375,0.0002631,0.0002454,0.0002452,0.0001595,0.0002237,0.0002524,0.0001624,0.0002291,-29.5
107299,-5.08e-06,3.812e-05,-2.20e-05,-2.34e-07,1.391e-05,1.805e-05,3.461e-05,9.734e-06,1.856e-05,0.0002050,0.0002473,0.0003127,0.0002272,0.0002576,0.0001579,0.0002196,0.0002500,0.0001457,0.0002192,-29.5
107982,-4.47e-06,3.428e-05,-2.04e-05,-4.54e-06,1.483e-05,1.676e-05,3.190e-05,9.678e-06,1.412e-05,0.0002135,0.0002541,0.0002542,0.0002174,0.0002428,0.0001792,0.0002100,0.0002516,6.102e-05,0.0002236,-29.5
108043,-4.23e-06,3.828e-05,-2.02e-05,1.860e-06,1.445e-05,1.758e-05,3.536e-05,9.358e-06,1.902e-05,0.0002357,0.0002665,0.0003222,0.0002621,0.0002730,0.0001602,0.0002161,0.0002514,0.0001310,0.0002278,-29.5
108345,-5.57e-06,3.519e-05,-2.00e-05,-1.48e-06,1.312e-05,1.535e-05,3.524e-05,9.396e-06,1.513e-05,0.0002196,0.0002557,0.0002545,0.0002213,0.0002416,0.0001687,0.0001951,0.0002468,7.230e-05,0.0002191,-29.5
108482,-5.33e-06,4.040e-05,-2.13e-05,-2.11e-06,1.371e-05,1.657e-05,3.243e-05,8.744e-06,1.585e-05,0.0002293,0.0002679,0.0003405,0.0002350,0.0002401,0.0001695,0.0002009,0.0002395,9.247e-05,0.0002136,-29.5
108773,-5.78e-06,3.667e-05,-2.18e-05,4.420e-07,1.335e-05,1.686e-05,3.453e-05,9.065e-06,1.704e-05,0.0002161,0.0002472,0.0002435,0.0002338,0.0002429,0.0001561,0.0002061,0.0002526,0.0001201,0.0002162,-29.5
108996,-4.54e-06,3.620e-05,-1.98e-05,-1.97e-06,1.407e-05,1.594e-05,3.007e-05,9.866e-06,1.357e-05,0.0001986,0.0002180,0.0002377,0.0002094,0.0002423,0.0001681,0.0001984,0.0002307,5.615e-05,0.0002189,-29.5
109501,-5.29e-06,4.039e-05,-2.08e-05,3.015e-06,1.298e-05,1.610e-05,3.440e-05,9.628e-06,1.939e-05,0.0002180,0.0002331,0.0002346,0.0002486,0.0002492,0.0001546,0.0002083,0.0002512,0.0001416,0.0002206,-29.5
109902,-5.21e-06,4.050e-05,-1.79e-05,3.527e-06,1.281e-05,1.476e-05,2.859e-05,1.038e-05,1.533e-05,0.0002060,0.0002347,0.0002207,0.0002175,0.0002491,0.0001567,0.0001855,0.0002453,4.705e-05,0.0002100,-29.5
110720,-1.10e-05,4.082e-05,-1.45e-05,1.239e-05,1.161e-05,1.076e-05,3.241e-05,1.118e-05,2.186e-05,0.0002270,0.0002338,0.0002864,0.0002350,0.0002649,0.0001121,0.0001100,0.0002496,0.0001234,0.0002129,-29.5
111383,-6.54e-06,3.784e-05,-2.02e-05,3.752e-07,1.309e-05,1.560e-05,3.366e-05,8.920e-06,1.687e-05,0.0002119,0.0002425,0.0002810,0.0002255,0.0002463,0.0001624,0.0002025,0.0002463,8.540e-05,0.0002159,-29.5
111725,-5.81e-06,3.673e-05,-2.02e-05,-7.74e-07,1.324e-05,1.538e-05,3.421e-05,9.447e-06,1.485e-05,0.0002033,0.0002071,0.0001970,0.0002075,0.0002132,0.0001679,0.0001981,0.0002464,6.394e-05,0.0002150,-29.5
111752,-5.88e-06,3.975e-05,-1.95e-05,-4.29e-08,1.350e-05,1.511e-05,3.052e-05,1.016e-05,1.438e-05,0.0001996,0.0002172,0.0002577,0.0002203,0.0002098,0.0001686,0.0002039,0.0002387,5.271e-05,0.0002192,-29.5
111957,-5.20e-06,3.645e-05,-1.85e-05,3.097e-07,1.344e-05,1.581e-05,3.209e-05,1.019e-05,1.440e-05,0.0002413,0.0002506,0.0002799,0.0002183,0.0002553,0.0001690,0.0001954,0.0002411,5.317e-05,0.0002181,-29.5
112889,-5.65e-06,3.679e-05,-1.92e-05,-7.28e-07,1.344e-05,1.547e-05,2.913e-05,1.013e-05,1.500e-05,0.0002365,0.0002502,0.0002621,0.0002232,0.0002405,0.0001740,0.0002044,0.0002497,5.435e-05,0.0002123,-29.5
113186,-4.97e-06,3.676e-05,-2.25e-05,-9.13e-07,1.365e-05,1.749e-05,3.778e-05,9.932e-06,1.880e-05,0.0002075,0.0002497,0.0002518,0.0002340,0.0002599,0.0001585,0.0002193,0.0002481,0.0001548,0.0002189,-29.5
113994,-4.87e-06,3.767e-05,-2.35e-05,-3.78e-06,1.453e-05,1.784e-05,3.333e-05,9.158e-06,1.687e-05,0.0002218,0.0002558,0.0003122,0.0002285,0.0002481,0.0001667,0.0002183,0.0002564,0.0001297,0.0002260,-29.5
115879,-5.79e-06,3.865e-05,-1.90e-05,-4.68e-08,1.352e-05,1.549e-05,3.150e-05,9.908e-06,1.539e-05,0.0002158,0.0002404,0.0002623,0.0002179,0.0002600,0.0001687,0.0002020,0.0002395,5.904e-05,0.0002164,-29.5
116353,-8.84e-06,4.421e-05,-1.24e-05,1.405e-05,1.084e-05,1.197e-05,3.431e-05,1.119e-05,1.912e-05,0.0002079,0.0002297,0.0002238,0.0002094,0.0002212,0.0001128,0.0001660,0.0002304,6.295e-05,0.0002071,-29.5
116482,-6.17e-06,3.818e-05,-1.93e-05,-3.34e-07,1.306e-05,1.520e-05,3.247e-05,9.668e-06,1.508e-05,0.0001921,0.0002406,0.0002781,0.0002076,0.0002285,0.0001586,0.0001999,0.0002403,5.578e-05,0.0002119,-29.5
116872,-5.75e-06,3.500e-05,-2.14e-05,-1.36e-06,1.372e-05,1.663e-05,3.794e-05,8.841e-06,1.599e-05,0.0002214,0.0002346,0.0002416,0.0002220,0.0002230,0.0001676,0.0002040,0.0002307,9.586e-05,0.0002164,-29.5
117085,-5.29e-06,3.654e-05,-1.91e-05,-3.85e-07,1.337e-05,1.572e-05,3.081e-05,1.045e-05,1.519e-05,0.0002090,0.0002639,0.0003169,0.0002155,0.0002466,0.0001727,0.0001976,0.0002454,4.837e-05,0.0002159,-29.5
117208,-6.06e-06,3.922e-05,-1.81e-05,2.422e-06,1.265e-05,1.461e-05,3.056e-05,9.575e-06,1.668e-05,0.0002267,0.0002462,0.0002719,0.0002109,0.0002478,0.0001634,0.0001947,0.0002466,6.320e-05,0.0002131,-29.5
117605,-5.49e-06,4.183e-05,-2.10e-05,2.627e-06,1.352e-05,1.695e-05,3.355e-05,9.545e-06,1.954e-05,0.0001926,0.0002473,0.0002463,0.0002321,0.0002455,0.0001488,0.0002109,0.0002459,0.0001324,0.0002264,-29.5
118527,-5.34e-06,3.860e-05,-1.89e-05,-4.31e-07,1.383e-05,1.545e-05,3.069e-05,1.005e-05,1.451e-05,0.0002055,0.0002309,0.0002324,0.0002176,0.0002270,0.0001746,0.0002037,0.0002508,5.573e-05,0.0002168,-29.5
118629,-5.19e-06,3.669e-05,-1.92e-05,-8.63e-07,1.322e-05,1.594e-05,2.752e-05,1.045e-05,1.484e-05,0.0002257,0.0002650,0.0002900,0.0002164,0.0002573,0.0001756,0.0001982,0.0002529,4.934e-05,0.0002160,-29.5
119127,-1.30e-05,3.199e-05,-1.24e-06,2.394e-05,1.007e-05,9.982e-06,2.791e-05,1.302e-05,2.041e-05,0.0002133,0.0002337,0.0002638,0.0002557,0.0002715,7.105e-05,7.752e-05,0.0002288,6.750e-05,0.0001964,-29.5
119740,-5.97e-06,3.822e-05,-1.99e-05,-8.98e-08,1.353e-05,1.550e-05,3.178e-05,9.055e-06,1.612e-05,0.0002161,0.0002353,0.0002505,0.0002171,0.0002336,0.0001682,0.0001999,0.0002475,7.595e-05,0.0002144,-29.5
120272,-1.04e-05,3.998e-05,-1.48e-05,1.398e-05,1.135e-05,1.074e-05,3.108e-05,1.066e-05,2.044e-05,0.0001964,0.0002242,0.0002623,0.0002225,0.0002211,0.0001122,0.0001343,0.0002505,0.0001054,0.0002044,-29.5
120828,-5.79e-06,3.727e-05,-1.83e-05,2.000e-06,1.283e-05,1.472e-05,3.227e-05,9.899e-06,1.518e-05,0.0002143,0.0002545,0.0002986,0.0002192,0.0002732,0.0001646,0.0001866,0.0002442,5.558e-05,0.0002128,-29.5
122613,-5.60e-06,3.491e-05,-2.06e-05,-1.79e-06,1.364e-05,1.587e-05,3.376e-05,9.247e-06,1.468e-05,0.0002008,0.0002241,0.0002420,0.0002258,0.0002350,0.0001799,0.0002040,0.0002568,7.208e-05,0.0002160,-29.5
122750,-5.90e-06,3.306e-05,-2.07e-05,-3.42e-06,1.377e-05,1.604e-05,3.410e-05,9.550e-06,1.438e-05,0.0002365,0.0002538,0.0002873,0.0002144,0.0002470,0.0001765,0.0001955,0.0002481,5.796e-05,0.0002175,-29.5
122933,-5.02e-06,4.015e-05,-2.23e-05,4.757e-07,1.311e-05,1.717e-05,3.270e-05,9.705e-06,1.910e-05,0.0001973,0.0002228,0.0002119,0.0002324,0.0002290,0.0001569,0.0002116,0.0002502,0.0001406,0.0002185,-29.5
123195,-5.95e-06,3.521e-05,-2.01e-05,-1.51e-06,1.345e-05,1.540e-05,3.329e-05,9.406e-06,1.512e-05,0.0002178,0.0002531,0.0003021,0.0002215,0.0002498,0.0001705,0.0001985,0.0002480,6.644e-05,0.0002193,-29.5
123383,-5.79e-06,3.809e-05,-2.00e-05,-7.81e-07,1.372e-05,1.629e-05,3.220e-05,9.339e-06,1.503e-05,0.0002052,0.0002318,0.0002787,0.0002189,0.0002428,0.0001682,0.0001955,0.0002378,7.115e-05,0.0002158,-29.5
123785,-5.28e-06,3.766e-05,-1.88e-05,9.097e-07,1.295e-05,1.536e-05,3.061e-05,1.039e-05,1.480e-05,0.0002044,0.0002437,0.0002658,0.0002246,0.0002301,0.0001704,0.0001984,0.0002455,5.230e-05,0.0002161,-29.5
124200,-6.00e-06,3.826e-05,-1.95e-05,-4.50e-07,1.262e-05,1.489e-05,3.065e-05,9.679e-06,1.541e-05,0.0001979,0.0002359,0.0002485,0.0002040,0.0002308,0.0001623,0.0002001,0.0002423,6.385e-05,0.0002165,-29.5
124276,-5.61e-06,3.653e-05,-1.89e-05,2.080e-07,1.344e-05,1.568e-05,3.125e-05,9.736e-06,1.456e-05,0.0002379,0.0002574,0.0002858,0.0002145,0.0002572,0.0001772,0.0002013,0.0002493,6.037e-05,0.0002228,-29.5
125005,-5.14e-06,3.515e-05,-2.01e-05,-3.48e-06,1.355e-05,1.649e-05,2.894e-05,1.012e-05,1.448e-05,0.0002146,0.0002525,0.0002473,0.0002197,0.0002513,0.0001757,0.0002002,0.0002453,5.206e-05,0.0002190,-29.5
125416,-4.33e-06,3.361e-05,-2.04e-05,-3.96e-06,1.430e-05,1.634e-05,3.336e-05,1.047e-05,1.377e-05,0.0002097,0.0002538,0.0002878,0.0002220,0.0002691,0.0001752,0.0002008,0.0002397,5.178e-05,0.0002181,-29.5
125547,-5.05e-06,3.608e-05,-2.06e-05,-3.68e-06,1.337e-05,1.583e-05,2.857e-05,1.034e-05,1.355e-05,0.0002112,0.0002463,0.0002740,0.0002076,0.0002496,0.0001739,0.0002016,0.0002368,4.839e-05,0.0002184,-29.5
125940,-4.83e-06,3.579e-05,-2.07e-05,-4.90e-06,1.428e-05,1.651e-05,2.908e-05,9.850e-06,1.406e-05,0.0002029,0.0002102,0.0002261,0.0002141,0.0002218,0.0001780,0.0002025,0.0002442,5.437e-05,0.0002146,-29.5
126058,-5.51e-06,3.682e-05,-1.95e-05,-3.51e-07,1.359e-05,1.586e-05,3.170e-05,9.251e-06,1.576e-05,0.0002184,0.0002399,0.0002371,0.0002156,0.0002492,0.0001699,0.0002006,0.0002410,7.274e-05,0.0002073,-29.5
126734,-4.97e-06,3.758e-05,-1.86e-05,9.259e-07,1.337e-05,1.452e-05,3.009e-05,1.045e-05,1.536e-05,0.0002251,0.0002464,0.0002916,0.0002191,0.0002421,0.0001727,0.0001998,0.0002403,5.117e-05,0.0002210,-29.5
126833,-3.82e-06,3.606e-05,-2.35e-05,-3.33e-06,1.418e-05,1.750e-05,3.612e-05,1.031e-05,1.827e-05,0.0002017,0.0002419,0.0002536,0.0002419,0.0002542,0.0001628,0.0002185,0.0002447,0.0001540,0.0002311,-29.5
126862,-6.15e-06,3.935e-05,-1.84e-05,2.145e-06,1.290e-05,1.406e-05,2.940e-05,9.531e-06,1.627e-05,0.0002118,0.0002492,0.0002621,0.0002085,0.0002516,0.0001651,0.0001927,0.0002454,6.501e-05,0.0002153,-29.5
127429,-5.88e-06,3.784e-05,-1.79e-05,2.695e-06,1.349e-05,1.494e-05,3.249e-05,9.697e-06,1.554e-05,0.0002108,0.0002454,0.0002912,0.0002209,0.0002558,0.0001679,0.0002038,0.0002491,5.783e-05,0.0002155,-29.5
127506,-5.71e-06,3.858e-05,-1.82e-05,1.883e-06,1.269e-05,1.504e-05,3.029e-05,1.026e-05,1.522e-05,0.0002339,0.0002463,0.0003067,0.0002253,0.0002730,0.0001724,0.0001977,0.0002514,5.276e-05,0.0002135,-29.5
128994,-4.34e-06,3.585e-05,-2.25e-05,-1.14e-06,1.419e-05,1.830e-05,3.762e-05,1.035e-05,1.913e-05,0.0002140,0.0002539,0.0003094,0.0002486,0.0002628,0.0001571,0.0002154,0.0002362,0.0001578,0.0002281,-29.5
129108,-5.85e-06,3.680e-05,-2.11e-05,-1.26e-08,1.325e-05,1.573e-05,3.346e-05,8.773e-06,1.628e-05,0.0002011,0.0002182,0.0002939,0.0002198,0.0002245,0.0001647,0.0002010,0.0002415,0.0001053,0.0002128,-29.5
129981,-6.20e-06,3.592e-05,-1.97e-05,7.537e-07,1.379e-05,1.604e-05,3.326e-05,8.862e-06,1.714e-05,0.0002407,0.0002922,0.0005994,0.0002330,0.0002821,0.0001686,0.0002022,0.0002758,9.386e-05,0.0002150,-29.5
130036,-5.86e-06,3.767e-05,-1.78e-05,1.730e-06,1.334e-05,1.534e-05,3.320e-05,9.499e-06,1.644e-05,0.0002151,0.0002727,0.0002934,0.0002224,0.0002673,0.0001744,0.0001958,0.0002496,6.666e-05,0.0002180,-29.5
130443,-4.34e-06,3.537e-05,-2.15e-05,-5.53e-06,1.456e-05,1.649e-05,2.967e-05,9.683e-06,1.332e-05,0.0002146,0.0002380,0.0002857,0.0002155,0.0002580,0.0001774,0.0002065,0.0002516,6.017e-05,0.0002138,-29.5
130571,-5.60e-06,3.942e-05,-2.17e-05,8.627e-07,1.353e-05,1.736e-05,3.452e-05,9.337e-06,1.797e-05,0.0002021,0.0002351,0.0002200,0.0002337,0.0002538,0.0001510,0.0002190,0.0002460,0.0001409,0.0002279,-29.5
